153,016 Followers
158,311 Followers
163,777 Followers
169,004 Followers
173,998 Followers
179,066 Followers
184,103 Followers
189,210 Followers
194,174 Followers
198,992 Followers
204,067 Followers
209,011 Followers
223,982 Followers
229,085 Followers
234,011 Followers
238,969 Followers
243,948 Followers
248,573 Followers
253,102 Followers
257,439 Followers
262,001 Followers
266,456 Followers
270,909 Followers
275,392 Followers
279,730 Followers
284,376 Followers
288,981 Followers
293,573 Followers
298,053 Followers
302,514 Followers
306,928 Followers
311,286 Followers
315,520 Followers
319,693 Followers
324,093 Followers
328,231 Followers
332,303 Followers
336,392 Followers
340,516 Followers
344,733 Followers
348,842 Followers
353,131 Followers
357,470 Followers
362,113 Followers
366,609 Followers
371,150 Followers
375,541 Followers
379,883 Followers
384,147 Followers
388,360 Followers
392,520 Followers
396,621 Followers
400,707 Followers
404,849 Followers
408,824 Followers
412,911 Followers
417,081 Followers
421,227 Followers
425,546 Followers
429,701 Followers
433,758 Followers
437,767 Followers
441,858 Followers
445,792 Followers
449,677 Followers
453,506 Followers
457,385 Followers
461,194 Followers
465,119 Followers
469,026 Followers
472,913 Followers
476,863 Followers
481,072 Followers
485,220 Followers
489,421 Followers
493,590 Followers
497,645 Followers
501,712 Followers
505,715 Followers
509,711 Followers
513,781 Followers
517,541 Followers
521,294 Followers
525,092 Followers
528,862 Followers
532,610 Followers
536,229 Followers
539,852 Followers
543,340 Followers
546,936 Followers
550,374 Followers
554,189 Followers
558,117 Followers
561,734 Followers
565,344 Followers
568,869 Followers
572,504 Followers
575,927 Followers
579,500 Followers
583,256 Followers
587,492 Followers
591,531 Followers
596,022 Followers
600,900 Followers
605,989 Followers
610,752 Followers
615,094 Followers
618,973 Followers
622,795 Followers
626,805 Followers
630,880 Followers
634,904 Followers
638,557 Followers
642,239 Followers
645,671 Followers
649,414 Followers
653,026 Followers
656,679 Followers
660,323 Followers
663,929 Followers
667,596 Followers
671,256 Followers
674,820 Followers
678,153 Followers
681,428 Followers
684,618 Followers
687,843 Followers
690,882 Followers
694,091 Followers
697,388 Followers
701,063 Followers
704,541 Followers
708,100 Followers
711,841 Followers
715,236 Followers
718,961 Followers
722,453 Followers
725,865 Followers
729,174 Followers
732,394 Followers
735,748 Followers
738,808 Followers
741,818 Followers
744,955 Followers
748,030 Followers
751,132 Followers
754,133 Followers
757,119 Followers
759,920 Followers
762,853 Followers
765,640 Followers
768,377 Followers
771,204 Followers
774,054 Followers
777,155 Followers
779,985 Followers
782,835 Followers
785,495 Followers
788,119 Followers
790,615 Followers
793,206 Followers
795,999 Followers
798,708 Followers
801,346 Followers
803,853 Followers
806,372 Followers
808,910 Followers
811,358 Followers
814,116 Followers
817,055 Followers
819,896 Followers
822,540 Followers
825,216 Followers
827,720 Followers
830,335 Followers
832,846 Followers
835,359 Followers
837,889 Followers
840,234 Followers
842,651 Followers
845,008 Followers
847,421 Followers
849,770 Followers
852,161 Followers
854,422 Followers
856,626 Followers
858,858 Followers
861,046 Followers
863,224 Followers
865,388 Followers
867,585 Followers
869,675 Followers
871,802 Followers
873,978 Followers
876,006 Followers
878,036 Followers
880,331 Followers
882,431 Followers
884,608 Followers
886,585 Followers
888,594 Followers
890,579 Followers
892,466 Followers
894,491 Followers
896,515 Followers
898,481 Followers
900,491 Followers
902,515 Followers
904,432 Followers
906,773 Followers
909,294 Followers
911,414 Followers
913,531 Followers
915,814 Followers
918,056 Followers
920,264 Followers
922,501 Followers
924,592 Followers
926,484 Followers
928,467 Followers
930,472 Followers
932,447 Followers
934,406 Followers
936,260 Followers
938,438 Followers
940,632 Followers
942,778 Followers
944,895 Followers
947,005 Followers
949,065 Followers
951,123 Followers
953,141 Followers
955,254 Followers
957,301 Followers
959,416 Followers
961,551 Followers
963,649 Followers
965,733 Followers
967,767 Followers
969,844 Followers
971,768 Followers
973,715 Followers
975,641 Followers
977,628 Followers
979,427 Followers
981,359 Followers
983,317 Followers
985,188 Followers
986,976 Followers
988,910 Followers
990,797 Followers
992,523 Followers
994,281 Followers
996,131 Followers
997,858 Followers
999,647 Followers
1,001,539 Followers
1,003,326 Followers
1,005,045 Followers
1,006,903 Followers
1,008,682 Followers
1,010,439 Followers
1,012,172 Followers
1,013,913 Followers
1,015,731 Followers
1,017,543 Followers
1,019,179 Followers
1,020,851 Followers
1,022,579 Followers
1,024,397 Followers
1,026,062 Followers
1,027,674 Followers
1,029,238 Followers
1,030,752 Followers
1,032,319 Followers
1,033,924 Followers
1,035,528 Followers
1,037,342 Followers
1,039,022 Followers
1,040,578 Followers
1,042,060 Followers
1,043,532 Followers
1,044,998 Followers
1,046,474 Followers
1,047,936 Followers
1,049,586 Followers
1,051,162 Followers
1,052,657 Followers
1,054,127 Followers
1,055,615 Followers
1,057,104 Followers
1,058,513 Followers
1,059,950 Followers
1,061,302 Followers
1,062,610 Followers
1,064,115 Followers
1,065,557 Followers
1,067,386 Followers
1,069,063 Followers
1,070,677 Followers
1,072,265 Followers
1,073,870 Followers
1,075,356 Followers
1,076,889 Followers
1,078,485 Followers
1,080,090 Followers
1,081,675 Followers
1,083,434 Followers
1,085,116 Followers
1,087,303 Followers
1,089,179 Followers
1,090,887 Followers
1,092,627 Followers
1,094,241 Followers
1,095,881 Followers
1,097,708 Followers
1,099,357 Followers
1,101,082 Followers
1,102,850 Followers
1,104,645 Followers
1,106,407 Followers
1,108,256 Followers
1,110,436 Followers
1,112,591 Followers
1,114,603 Followers
1,116,702 Followers
1,118,638 Followers
1,120,650 Followers
1,122,508 Followers
1,124,412 Followers
1,126,186 Followers
1,127,925 Followers
1,129,638 Followers
1,131,483 Followers
1,133,219 Followers
1,134,821 Followers
1,136,371 Followers
1,138,032 Followers
1,139,813 Followers
1,141,390 Followers
1,142,998 Followers
1,144,514 Followers
1,146,074 Followers
1,147,514 Followers
1,148,938 Followers
1,150,452 Followers
1,152,002 Followers
1,153,459 Followers
1,154,830 Followers
1,156,197 Followers
1,157,579 Followers
1,159,011 Followers
1,160,385 Followers
1,161,800 Followers
1,163,168 Followers
1,164,624 Followers
1,166,050 Followers
1,167,430 Followers
1,168,940 Followers
1,170,365 Followers
1,171,860 Followers
1,173,553 Followers
1,175,030 Followers
1,176,372 Followers
1,177,699 Followers
1,179,037 Followers
1,180,342 Followers
1,181,641 Followers
1,182,918 Followers
1,184,152 Followers
1,185,450 Followers
1,186,740 Followers
1,187,932 Followers
1,189,126 Followers
1,190,359 Followers
1,191,536 Followers
1,192,730 Followers
1,193,868 Followers
1,194,984 Followers
1,196,208 Followers
1,197,364 Followers
1,198,508 Followers
1,199,768 Followers
1,200,968 Followers
1,202,158 Followers
1,203,406 Followers
1,204,564 Followers
1,205,742 Followers
1,206,982 Followers
1,208,193 Followers
1,209,394 Followers
1,210,522 Followers
1,211,626 Followers
1,212,743 Followers
1,213,819 Followers
1,214,965 Followers
1,216,118 Followers
1,217,415 Followers
1,218,770 Followers
1,221,838 Followers
1,225,914 Followers
1,229,627 Followers
1,231,838 Followers
1,233,546 Followers
1,235,001 Followers
1,236,420 Followers
1,238,072 Followers
1,239,373 Followers
1,240,551 Followers
1,241,659 Followers
1,242,755 Followers
1,243,843 Followers
1,244,917 Followers
1,245,963 Followers
1,247,007 Followers
1,248,012 Followers
1,249,048 Followers
1,250,046 Followers
1,251,088 Followers
1,252,067 Followers
1,253,102 Followers
1,254,065 Followers
1,255,055 Followers
1,256,081 Followers
1,257,097 Followers
1,258,282 Followers
1,259,470 Followers
1,260,607 Followers
1,261,836 Followers
1,263,177 Followers
1,264,443 Followers
1,265,666 Followers
1,266,790 Followers
1,267,908 Followers
1,268,975 Followers
1,270,071 Followers
1,271,117 Followers
1,272,167 Followers
1,273,146 Followers
1,274,083 Followers
1,275,040 Followers
1,276,017 Followers
1,276,912 Followers
1,277,842 Followers
1,278,902 Followers
1,279,779 Followers
1,280,695 Followers
1,281,862 Followers
1,282,935 Followers
1,283,898 Followers
1,284,827 Followers
1,285,772 Followers
1,286,766 Followers
1,287,895 Followers
1,288,905 Followers
1,289,963 Followers
1,290,934 Followers
1,291,903 Followers
1,292,907 Followers
1,293,877 Followers
1,294,986 Followers
1,296,059 Followers
1,297,117 Followers
1,298,089 Followers
1,299,009 Followers
1,299,916 Followers
1,300,863 Followers
1,301,800 Followers
1,302,678 Followers
1,303,566 Followers
1,304,394 Followers
1,305,191 Followers
1,306,046 Followers
1,306,916 Followers
1,307,758 Followers
1,308,670 Followers
1,309,602 Followers
1,310,457 Followers
1,311,306 Followers
1,312,101 Followers
1,312,938 Followers
1,313,804 Followers
1,314,683 Followers
1,315,537 Followers
1,316,437 Followers
1,317,295 Followers
1,318,559 Followers
1,319,724 Followers
1,320,746 Followers
1,321,637 Followers
1,322,531 Followers
1,323,427 Followers
1,324,350 Followers
1,325,295 Followers
1,326,161 Followers
1,326,906 Followers
1,327,729 Followers
1,328,545 Followers
1,329,365 Followers
1,330,215 Followers
1,331,054 Followers
1,331,953 Followers
1,332,865 Followers
1,333,676 Followers
1,334,465 Followers
1,335,285 Followers
1,336,128 Followers
1,337,045 Followers
1,337,901 Followers
1,338,732 Followers
1,339,537 Followers
1,340,378 Followers
1,341,208 Followers
1,341,967 Followers
1,342,782 Followers
1,343,606 Followers
1,344,473 Followers
1,345,376 Followers
1,346,325 Followers
1,347,327 Followers
1,348,464 Followers
1,349,482 Followers
1,350,405 Followers
1,351,301 Followers
1,352,147 Followers
1,352,979 Followers
1,353,838 Followers
1,354,638 Followers
1,355,429 Followers
1,356,259 Followers
1,357,099 Followers
1,357,897 Followers
1,358,730 Followers
1,359,524 Followers
1,360,334 Followers
1,361,131 Followers
1,361,939 Followers
1,362,754 Followers
1,363,563 Followers
1,364,321 Followers
1,365,053 Followers
1,365,858 Followers
1,366,603 Followers
1,367,391 Followers
1,368,139 Followers
1,368,896 Followers
1,369,691 Followers
1,370,417 Followers
1,371,132 Followers
1,371,916 Followers
1,372,719 Followers
1,373,501 Followers
1,374,257 Followers
1,375,133 Followers
1,376,023 Followers
1,376,826 Followers
1,377,573 Followers
1,378,356 Followers
1,379,077 Followers
1,379,847 Followers
1,380,570 Followers
1,381,231 Followers
1,381,899 Followers
1,382,608 Followers
1,383,317 Followers
1,384,038 Followers
1,384,751 Followers
1,385,486 Followers
1,386,199 Followers
1,386,942 Followers
1,387,605 Followers
1,388,248 Followers
1,388,962 Followers
1,389,685 Followers
1,390,411 Followers
1,391,052 Followers
1,391,713 Followers
1,392,467 Followers
1,393,230 Followers
1,394,026 Followers
1,394,848 Followers
1,395,593 Followers
1,396,307 Followers
1,396,968 Followers
1,397,663 Followers
1,398,393 Followers
1,399,238 Followers
1,399,983 Followers
1,400,719 Followers
1,401,439 Followers
1,402,178 Followers
1,402,869 Followers
1,403,580 Followers
1,404,326 Followers
1,405,036 Followers
1,405,837 Followers
1,406,553 Followers
1,407,336 Followers
1,408,041 Followers
1,408,785 Followers
1,409,567 Followers
1,410,511 Followers
1,411,677 Followers
1,412,777 Followers
1,413,870 Followers
1,414,874 Followers
1,415,839 Followers
1,416,898 Followers
1,417,827 Followers
1,418,776 Followers
1,419,671 Followers
1,420,593 Followers
1,421,526 Followers
1,422,438 Followers
1,423,284 Followers
1,424,127 Followers
1,424,958 Followers
1,425,846 Followers
1,426,772 Followers
1,427,598 Followers
1,428,393 Followers
1,429,174 Followers
1,429,970 Followers
1,430,705 Followers
1,431,407 Followers
1,432,195 Followers
1,432,967 Followers
1,433,726 Followers
1,434,486 Followers
1,435,281 Followers
1,436,133 Followers
1,436,900 Followers
1,437,639 Followers
1,438,429 Followers
1,439,196 Followers
1,439,942 Followers
1,440,696 Followers
1,441,563 Followers
1,442,480 Followers
1,443,324 Followers
1,444,161 Followers
1,445,040 Followers
1,445,851 Followers
1,446,638 Followers
1,447,438 Followers
1,448,204 Followers
1,448,923 Followers
1,449,708 Followers
1,450,475 Followers
1,451,211 Followers
1,451,958 Followers
1,452,743 Followers
1,453,484 Followers
1,454,199 Followers
1,454,871 Followers
1,455,511 Followers
1,456,231 Followers
1,457,117 Followers
1,458,228 Followers
1,459,113 Followers
1,459,928 Followers
1,460,665 Followers
1,461,380 Followers
1,462,158 Followers
1,462,927 Followers
1,463,672 Followers
1,464,505 Followers
1,465,356 Followers
1,466,169 Followers
1,466,883 Followers
1,467,660 Followers
1,468,501 Followers
1,469,289 Followers
1,470,022 Followers
1,470,755 Followers
1,471,425 Followers
1,472,090 Followers
1,472,796 Followers
1,473,525 Followers
1,474,244 Followers
1,474,909 Followers
1,475,515 Followers
1,476,155 Followers
1,476,806 Followers
1,477,408 Followers
1,478,008 Followers
1,478,655 Followers
1,479,265 Followers
1,479,935 Followers
1,480,486 Followers
1,481,060 Followers
1,481,674 Followers
1,482,338 Followers
1,482,955 Followers
1,483,559 Followers
1,484,149 Followers
1,484,709 Followers
1,485,358 Followers
1,486,216 Followers
1,487,021 Followers
1,487,687 Followers
1,488,430 Followers
1,489,105 Followers
1,489,779 Followers
1,490,416 Followers
1,491,092 Followers
1,491,692 Followers
1,492,326 Followers
1,492,959 Followers
1,493,626 Followers
1,494,381 Followers
1,495,056 Followers
1,495,670 Followers
1,496,300 Followers
1,496,930 Followers
1,497,485 Followers
1,498,041 Followers
1,498,634 Followers
1,499,245 Followers
1,499,824 Followers
1,500,353 Followers
1,500,886 Followers
1,501,459 Followers
1,502,030 Followers
1,502,561 Followers
1,503,165 Followers
1,503,659 Followers
1,504,208 Followers
1,504,760 Followers
1,505,296 Followers
1,505,853 Followers
1,506,427 Followers
1,506,965 Followers
1,507,477 Followers
1,508,012 Followers
1,508,537 Followers
1,509,041 Followers
1,509,543 Followers
1,510,101 Followers
1,510,678 Followers
1,511,444 Followers
1,511,977 Followers
1,512,628 Followers
1,513,168 Followers
1,513,742 Followers
1,514,400 Followers
1,515,029 Followers
1,515,740 Followers
1,516,522 Followers
1,516,961 Followers
1,517,513 Followers
1,518,088 Followers
1,518,645 Followers
1,519,240 Followers
1,519,809 Followers
1,520,389 Followers
1,521,113 Followers
1,521,520 Followers
1,522,040 Followers
1,522,702 Followers
1,523,300 Followers
1,523,814 Followers
1,524,380 Followers
1,524,928 Followers
1,525,488 Followers
1,526,048 Followers
1,526,584 Followers
1,527,113 Followers
1,527,669 Followers
1,528,210 Followers
1,528,710 Followers
1,529,235 Followers
1,529,757 Followers
1,530,261 Followers
1,530,806 Followers
1,531,318 Followers
1,531,784 Followers
1,532,387 Followers
1,533,010 Followers
1,533,519 Followers
1,534,026 Followers
1,534,529 Followers
1,535,083 Followers
1,535,604 Followers
1,536,106 Followers
1,536,584 Followers
1,537,169 Followers
1,537,689 Followers
1,538,188 Followers
1,538,696 Followers
1,539,192 Followers
1,539,754 Followers
1,540,237 Followers
1,540,702 Followers
1,541,185 Followers
1,541,684 Followers
1,542,181 Followers
1,542,673 Followers
1,543,150 Followers
1,543,651 Followers
1,544,364 Followers
1,545,103 Followers
1,545,708 Followers
1,546,284 Followers
1,546,843 Followers
1,547,410 Followers
1,548,080 Followers
1,548,686 Followers
1,549,263 Followers
1,549,757 Followers
1,550,270 Followers
1,550,775 Followers
1,551,257 Followers
1,551,756 Followers
1,552,278 Followers
1,552,767 Followers
1,553,279 Followers
1,553,751 Followers
1,554,219 Followers
1,554,652 Followers
1,555,172 Followers
1,555,703 Followers
1,556,227 Followers
1,556,729 Followers
1,557,210 Followers
1,557,699 Followers
1,558,195 Followers
1,558,683 Followers
1,559,238 Followers
1,559,722 Followers
1,560,219 Followers
1,560,662 Followers
1,561,166 Followers
1,561,650 Followers
1,562,150 Followers
1,562,649 Followers
1,563,234 Followers
1,564,163 Followers
1,564,892 Followers
1,565,481 Followers
1,566,012 Followers
1,566,500 Followers
1,566,996 Followers
1,567,501 Followers
1,568,050 Followers
1,568,633 Followers
1,569,320 Followers
1,569,884 Followers
1,570,388 Followers
1,570,924 Followers
1,571,419 Followers
1,571,930 Followers
1,572,467 Followers
1,572,975 Followers
1,573,473 Followers
1,574,019 Followers
1,574,488 Followers
1,575,013 Followers
1,575,547 Followers
1,576,169 Followers
1,577,151 Followers
1,577,836 Followers
1,578,359 Followers
1,578,878 Followers
1,579,384 Followers
1,579,865 Followers
1,580,313 Followers
1,580,829 Followers
1,581,327 Followers
1,581,867 Followers
1,582,344 Followers
1,582,854 Followers
1,583,307 Followers
1,583,800 Followers
1,584,270 Followers
1,584,783 Followers
1,585,271 Followers
1,585,736 Followers
1,586,270 Followers
1,586,836 Followers
1,587,342 Followers
1,587,823 Followers
1,588,328 Followers
1,588,810 Followers
1,589,362 Followers
1,589,848 Followers
1,590,280 Followers
1,590,823 Followers
1,591,348 Followers
1,591,853 Followers
1,592,380 Followers
1,592,908 Followers
1,593,429 Followers
1,594,013 Followers
1,594,545 Followers
1,595,029 Followers
1,595,512 Followers
1,596,431 Followers
1,597,216 Followers
1,597,811 Followers
1,598,328 Followers
1,598,798 Followers
1,599,296 Followers
1,599,771 Followers
1,600,244 Followers
1,600,740 Followers
1,601,243 Followers
1,601,741 Followers
1,602,266 Followers
1,602,758 Followers
1,603,295 Followers
1,603,898 Followers
1,604,445 Followers
1,604,939 Followers
1,605,402 Followers
1,605,863 Followers
1,606,345 Followers
1,606,819 Followers
1,607,286 Followers
1,607,764 Followers
1,608,197 Followers
1,608,623 Followers
1,609,095 Followers
1,609,842 Followers
1,610,435 Followers
1,611,001 Followers
1,611,513 Followers
1,611,976 Followers
1,612,435 Followers
1,612,879 Followers
1,613,328 Followers
1,613,755 Followers
1,614,192 Followers
1,614,633 Followers
1,615,052 Followers
1,615,483 Followers
1,615,913 Followers
1,616,298 Followers
1,616,725 Followers
1,617,098 Followers
1,617,533 Followers
1,617,957 Followers
1,618,390 Followers
1,618,815 Followers
1,619,250 Followers
1,619,684 Followers
1,620,086 Followers
1,620,503 Followers
1,620,949 Followers
1,621,389 Followers
1,621,832 Followers
1,622,292 Followers
1,622,767 Followers
1,623,221 Followers
1,623,619 Followers
1,624,069 Followers
1,624,464 Followers
1,624,908 Followers
1,625,356 Followers
1,625,820 Followers
1,626,220 Followers
1,626,678 Followers
1,627,055 Followers
1,627,481 Followers
1,627,950 Followers
1,628,479 Followers
1,629,070 Followers
1,629,575 Followers
1,630,019 Followers
1,630,405 Followers
1,630,850 Followers
1,631,253 Followers
1,631,680 Followers
1,632,098 Followers
1,632,530 Followers
1,632,951 Followers
1,633,310 Followers
1,633,679 Followers
1,634,051 Followers
1,634,463 Followers
1,634,862 Followers
1,635,290 Followers
1,635,732 Followers
1,636,239 Followers
1,636,850 Followers
1,637,313 Followers
1,637,791 Followers
1,638,212 Followers
1,638,654 Followers
1,639,109 Followers
1,639,551 Followers
1,639,954 Followers
1,640,394 Followers
1,640,874 Followers
1,641,302 Followers
1,641,705 Followers
1,642,150 Followers
1,642,613 Followers
1,643,037 Followers
1,643,448 Followers
1,643,868 Followers
1,644,396 Followers
1,644,909 Followers
1,645,372 Followers
1,645,811 Followers
1,646,276 Followers
1,646,725 Followers
1,647,170 Followers
1,647,617 Followers
1,648,074 Followers
1,648,506 Followers
1,648,923 Followers
1,649,351 Followers
1,649,816 Followers
1,650,273 Followers
1,650,670 Followers
1,651,074 Followers
1,651,522 Followers
1,651,943 Followers
1,652,347 Followers
1,652,732 Followers
1,653,116 Followers
1,653,538 Followers
1,653,908 Followers
1,654,357 Followers
1,654,751 Followers
1,655,131 Followers
1,655,536 Followers
1,655,934 Followers
1,656,332 Followers
1,656,696 Followers
1,657,073 Followers
1,657,481 Followers
1,657,872 Followers
1,658,254 Followers
1,658,751 Followers
1,659,174 Followers
1,659,577 Followers
1,660,014 Followers
1,660,403 Followers
1,660,806 Followers
1,661,184 Followers
1,661,533 Followers
1,661,920 Followers
1,662,357 Followers
1,662,796 Followers
1,663,196 Followers
1,663,593 Followers
1,663,997 Followers
1,664,408 Followers
1,664,858 Followers
1,665,266 Followers
1,665,669 Followers
1,666,102 Followers
1,666,551 Followers
1,666,998 Followers
1,667,440 Followers
1,667,856 Followers
1,668,263 Followers
1,668,697 Followers
1,669,116 Followers
1,669,593 Followers
1,670,045 Followers
1,670,560 Followers
1,671,017 Followers
1,671,459 Followers
1,671,902 Followers
1,672,367 Followers
1,672,851 Followers
1,673,255 Followers
1,673,738 Followers
1,674,196 Followers
1,674,662 Followers
1,675,074 Followers
1,675,490 Followers
1,676,008 Followers
1,676,682 Followers
1,677,230 Followers
1,677,831 Followers
1,678,406 Followers
1,678,962 Followers
1,679,520 Followers
1,680,017 Followers
1,680,468 Followers
1,680,944 Followers
1,681,449 Followers
1,681,939 Followers
1,682,452 Followers
1,682,938 Followers
1,683,385 Followers
1,683,863 Followers
1,684,322 Followers
1,684,875 Followers
1,685,532 Followers
1,686,140 Followers
1,686,657 Followers
1,687,158 Followers
1,687,635 Followers
1,688,117 Followers
1,688,623 Followers
1,689,098 Followers
1,689,583 Followers
1,690,057 Followers
1,690,556 Followers
1,691,123 Followers
1,691,765 Followers
1,692,368 Followers
1,692,964 Followers
1,693,494 Followers
1,694,042 Followers
1,694,651 Followers
1,695,248 Followers
1,695,884 Followers
1,696,469 Followers
1,697,024 Followers
1,697,622 Followers
1,698,171 Followers
1,698,731 Followers
1,699,394 Followers
1,700,066 Followers
1,700,811 Followers
1,701,440 Followers
1,702,008 Followers
1,702,553 Followers
1,703,116 Followers
1,703,703 Followers
1,704,251 Followers
1,704,771 Followers
1,705,278 Followers
1,705,885 Followers
1,706,465 Followers
1,707,034 Followers
1,707,582 Followers
1,708,181 Followers
1,708,757 Followers
1,709,343 Followers
1,710,404 Followers
1,711,182 Followers
1,711,791 Followers
1,712,378 Followers
1,712,951 Followers
1,713,608 Followers
1,714,151 Followers
1,714,670 Followers
1,715,256 Followers
1,716,466 Followers
1,718,313 Followers
1,719,386 Followers
1,720,236 Followers
1,720,990 Followers
1,721,650 Followers
1,722,284 Followers
1,722,931 Followers
1,723,536 Followers
1,724,244 Followers
1,724,859 Followers
1,725,472 Followers
1,726,026 Followers
1,726,579 Followers
1,727,203 Followers
1,727,958 Followers
1,728,560 Followers
1,729,139 Followers
1,729,775 Followers
1,730,431 Followers
1,731,071 Followers
1,731,650 Followers
1,732,299 Followers
1,732,913 Followers
1,733,683 Followers
1,734,293 Followers
1,734,859 Followers
1,735,411 Followers
1,735,970 Followers
1,736,492 Followers
1,737,009 Followers
1,737,556 Followers
1,738,114 Followers
1,738,762 Followers
1,739,333 Followers
1,739,922 Followers
1,740,456 Followers
1,740,979 Followers
1,741,559 Followers
1,742,121 Followers
1,742,650 Followers
1,743,257 Followers
1,743,849 Followers
1,744,457 Followers
1,745,071 Followers
1,745,861 Followers
1,746,631 Followers
1,747,320 Followers
1,747,946 Followers
1,748,494 Followers
1,749,089 Followers
1,749,679 Followers
1,750,242 Followers
1,750,839 Followers
1,751,543 Followers
1,752,238 Followers
1,752,815 Followers
1,753,388 Followers
1,754,046 Followers
1,754,676 Followers
1,755,483 Followers
1,756,544 Followers
1,757,291 Followers
1,757,883 Followers
1,758,458 Followers
1,759,135 Followers
1,760,572 Followers
1,761,508 Followers
1,762,218 Followers
1,762,900 Followers
1,763,471 Followers
1,764,138 Followers
1,764,723 Followers
1,765,291 Followers
1,765,917 Followers
1,766,509 Followers
1,767,090 Followers
1,767,702 Followers
1,768,231 Followers
1,768,799 Followers
1,769,362 Followers
1,769,932 Followers
1,770,488 Followers
1,771,023 Followers
1,771,582 Followers
1,772,121 Followers
1,772,727 Followers
1,773,307 Followers
1,773,984 Followers
1,774,627 Followers
1,775,272 Followers
1,775,892 Followers
1,776,420 Followers
1,777,003 Followers
1,777,519 Followers
1,778,059 Followers
1,778,714 Followers
1,779,307 Followers
1,779,875 Followers
1,780,406 Followers
1,780,924 Followers
1,781,422 Followers
1,781,963 Followers
1,782,480 Followers
1,782,977 Followers
1,783,927 Followers
1,785,004 Followers
1,786,077 Followers
1,786,821 Followers
1,787,540 Followers
1,788,267 Followers
1,788,907 Followers
1,789,504 Followers
1,790,245 Followers
1,791,010 Followers
1,791,810 Followers
1,792,507 Followers
1,793,101 Followers
1,793,663 Followers
1,794,314 Followers
1,794,971 Followers
1,795,659 Followers
1,796,299 Followers
1,796,932 Followers
1,797,472 Followers
1,798,015 Followers
1,798,550 Followers
1,799,110 Followers
1,799,734 Followers
1,800,329 Followers
1,800,958 Followers
1,801,488 Followers
1,802,015 Followers
1,802,577 Followers
1,803,074 Followers
1,803,572 Followers
1,804,051 Followers
1,804,588 Followers
1,805,171 Followers
1,805,711 Followers
1,806,268 Followers
1,806,848 Followers
1,807,405 Followers
1,807,933 Followers
1,808,462 Followers
1,808,987 Followers
1,809,542 Followers
1,810,062 Followers
1,810,606 Followers
1,811,192 Followers
1,811,750 Followers
1,812,298 Followers
1,812,822 Followers
1,813,352 Followers
1,813,892 Followers
1,814,448 Followers
1,814,961 Followers
1,815,454 Followers
1,815,967 Followers
1,816,499 Followers
1,816,986 Followers
1,817,427 Followers
1,817,928 Followers
1,818,470 Followers
1,819,024 Followers
1,819,670 Followers
1,820,513 Followers
1,821,218 Followers
1,821,846 Followers
1,822,442 Followers
1,823,068 Followers
1,823,638 Followers
1,824,166 Followers
1,824,756 Followers
1,825,393 Followers
1,825,962 Followers
1,826,553 Followers
1,827,091 Followers
1,827,583 Followers
1,828,092 Followers
1,828,725 Followers
1,829,480 Followers
1,830,107 Followers
1,830,688 Followers
1,831,224 Followers
1,831,766 Followers
1,832,305 Followers
1,832,944 Followers
1,833,487 Followers
1,834,047 Followers
1,834,612 Followers
1,835,205 Followers
1,835,710 Followers
1,836,242 Followers
1,836,798 Followers
1,837,338 Followers
1,837,879 Followers
1,838,447 Followers
1,839,046 Followers
1,839,673 Followers
1,840,214 Followers
1,840,785 Followers
1,841,385 Followers
1,841,996 Followers
1,842,549 Followers
1,843,070 Followers
1,843,629 Followers
1,844,216 Followers
1,844,759 Followers
1,845,318 Followers
1,845,996 Followers
1,846,706 Followers
1,847,321 Followers
1,847,960 Followers
1,848,512 Followers
1,849,106 Followers
1,849,713 Followers
1,850,238 Followers
1,850,789 Followers
1,851,350 Followers
1,851,890 Followers
1,852,408 Followers
1,852,928 Followers
1,853,419 Followers
1,853,924 Followers
1,854,549 Followers
1,855,250 Followers
1,855,936 Followers
1,856,536 Followers
1,857,114 Followers
1,857,758 Followers
1,858,337 Followers
1,858,912 Followers
1,859,488 Followers
1,860,070 Followers
1,860,632 Followers
1,861,207 Followers
1,861,752 Followers
1,862,311 Followers
1,862,809 Followers
1,863,294 Followers
1,863,780 Followers
1,864,308 Followers
1,864,888 Followers
1,865,388 Followers
1,865,897 Followers
1,866,401 Followers
1,866,944 Followers
1,867,461 Followers
1,868,035 Followers
1,868,594 Followers
1,869,159 Followers
1,869,673 Followers
1,870,148 Followers
1,870,613 Followers
1,871,128 Followers
1,871,637 Followers
1,872,097 Followers
1,872,568 Followers
1,873,056 Followers
1,873,522 Followers
1,873,985 Followers
1,874,507 Followers
1,874,987 Followers
1,875,407 Followers
1,875,852 Followers
1,876,304 Followers
1,876,734 Followers
1,877,160 Followers
1,877,602 Followers
1,878,080 Followers
1,878,533 Followers
1,878,989 Followers
1,879,443 Followers
1,879,885 Followers
1,880,298 Followers
1,880,735 Followers
1,881,173 Followers
1,881,630 Followers
1,882,095 Followers
1,882,530 Followers
